{
 "name": "flare",
 "children": [
  {
   "name": "Sunday",
   "children": [
    {
     "name":"Ink",
     "children": [
      {"name": "Calm", "value": 2},
      {"name": "Confident", "value": 1},
      {"name": "Happy", "value": 1},
      {"name": "Creative", "value": 2}
     ]
    },
    {
     "name":"Painting",
     "children": [
      {"name": "Calm", "value": 2},
      {"name": "Accomplished", "value": 1}
     ]
    },
    {
     "name": "Digital",
     "children": [
      {"name": "Creative", "value": 1},
      {"name": "Stressed", "value": 1},
      {"name": "Playful", "value": 1}
     ]
    },
    {
     "name": "Videogames",
     "children": [
      {"name": "Tired", "value": 2},
      {"name": "Accomplished", "value": 1},
      {"name": "Happy", "value": 1}
     ]
    },
    {
     "name": "Movie",
     "children": [
      {"name": "Tired", "value": 2},
      {"name": "Confused", "value": 1}
     ]
    },
    {
     "name": "TV",
     "children": [
      {"name": "Tired", "value": 3},
      {"name": "Calm", "value": 5}
     ]
    }
   ]
  },
  {
   "name": "Monday",
   "children": [
    {
     "name": "Digital/Animation",
     "children": [
      {"name": "Stressed", "value": 2},
      {"name": "Confused", "value": 1},
      {"name": "Frustrated", "value": 2},
      {"name": "Accomplished", "value": 3}
     ]
    },
    {
     "name": "Painting",
     "children": [
      {"name": "Happy", "value": 3},
      {"name": "Relaxed", "value": 1},
      {"name": "Accomplished", "value": 1}
     ]
    },
    {
     "name": "Digital Drawing",
     "children": [
      {"name": "Excited", "value": 1},
	  {"name": "Warm", "value": 1},
	  {"name": "Tired", "value": 2}
     ]
    },
	{
	 "name": "Video Games",
     "children": [
      {"name": "Happy", "value": 2},
      {"name": "Relaxed", "value": 3},
      {"name": "Tired", "value": 1}
     ]
    },
    {
     "name": "TV",
     "children": [
      {"name": "Calm", "value": 3},
      {"name": "Tired", "value": 2},
	  {"name": "Warm", "value": 3}
     ]
    }
   ]
  },
  {
   "name": "Tuesday",
   "children": [
    {
	 "name": "Watercolor",
	 "children": [
	  {"name": "Calm", "value": 2},
      {"name": "Tired", "value": 1},
	  {"name": "Focused", "value": 2}
     ]
    },
	{
	 "name": "Animating",
	 "children": [
	  {"name": "Anxious", "value": 3},
      {"name": "Annoyed", "value": 2},
	  {"name": "Frustrated", "value": 2}
     ]
    },
    {
     "name": "Video Games",
     "children": [
      {"name": "Relaxed", "value": 1},
      {"name": "Tired", "value": 3},
      {"name": "Creative", "value": 1}
     ]
    },
	{
	 "name": "TV",
	 "children": [
      {"name": "Tired", "value": 4},
      {"name": "Anxious", "value": 1}
     ]
    },
    {
     "name": "Movie",
     "children": [
      {"name": "Sad", "value": 3},
      {"name": "Upset", "value": 3}
     ]
    }
   ]
  },
  {
   "name": "Wednesday",
   "children": [
    {
	 "name": "Makeup",
	 "children": [
      {"name": "Calm", "value": 2},
	  {"name": "Happy", "value": 2},
      {"name": "Confident", "value": 4}
     ]
    },
    {
     "name": "Video Games",
     "children": [
      {"name": "Relaxed", "value": 1},
	  {"name": "Tired", "value": 1},
      {"name": "Creative", "value": 1}
     ]
    },
    {
     "name": "TV",
     "children": [
      {"name": "Relaxed", "value": 2},
	  {"name": "Tired", "value": 3}
     ]
	}, 
    {
     "name": "Animating",
     "children": [
      {"name": "Focused", "value": 2},
	  {"name": "Tired", "value": 1},
      {"name": "Creative", "value": 2}
     ]
    }
   ]
  },
  {
   "name": "Thursday",
   "children": [
    {
	 "name": "Watercolor",
     "children": [
      {"name": "Happy", "value": 2},
	  {"name": "Relaxed", "value": 2},
      {"name": "Accomplished", "value": 2}
     ]
    },
    {
     "name": "Animating",
     "children": [
      {"name": "Happy", "value": 4},
	  {"name": "Nervous", "value": 3},
      {"name": "Confused", "value": 3}
	 ]
	},
    {
     "name": "Makeup",
     "children": [
      {"name": "Frustrated", "value": 2},
	  {"name": "Confident", "value": 1}
     ]
    },
	{
	 "name": "TV",
     "children": [
      {"name": "Tired", "value": 3},
	  {"name": "Calm", "value": 3}
	 ]
	}
   ]
  },
  {
   "name": "Friday",
   "children": [
    {
	 "name": "Makeup",
     "children": [
      {"name": "Happy", "value": 4},
	  {"name": "Confident", "value": 2}
     ]
    },
	{
     "name": "Digital Drawing",
	 "children": [
      {"name": "Focused", "value": 2},
	  {"name": "Excited", "value": 1},
	  {"name": "Frustrated", "value": 2}
     ]
    },
	{
     "name": "Animating",
	 "children": [
      {"name": "Confused", "value": 1},
	  {"name": "Accomplished", "value": 1},
	  {"name": "Stressed", "value": 1}
     ]
    },
    {
     "name": "TV",
     "children": [
	  {"name": "Tired", "value": 4},
	  {"name": "Calm", "value": 4}
     ]
    },
    {
     "name": "Video Games",
     "children": [
      {"name": "Tired", "value": 2},
	  {"name": "Creative", "value": 1},
	  {"name": "Happy", "value": 2}
     ]
    },
    {
     "name": "Movie",
     "children": [
      {"name": "Tired", "value": 3},
	  {"name": "Nastalgic", "value": 5}
     ]
    }
   ]
  },   
  {
   "name": "Saturday",
   "children": [
    {
	 "name": "Makeup",
     "children": [
      {"name": "Confident", "value": 5},
	  {"name": "Happy", "value": 5}
     ]
    },
	{
     "name": "Painting",
     "children": [
      {"name": "Stressed", "value": 3},
	  {"name": "Confused", "value": 2}
     ]
    },
    {
     "name": "Movie",
     "children": [
      {"name": "Happy", "value": 1},
      {"name": "Nastalgic", "value": 1},
      {"name": "Calm", "value": 1},
	  {"name": "Creative", "value": 1}
     ]
    },
    {
     "name": "Video Games",
     "children": [
      {"name": "Tired", "value": 2},
      {"name": "Confused", "value": 1}
     ]
    }
   ]
  }
 ]
}
